{"cameraMode":{"drawMode":0,"name":"Shaded","section":"Shading Mode"},"sceneLighting":true,"audioPlay":false,"sceneViewState":{"showFog":true,"showMaterialUpdate":true,"showSkybox":true,"showFlares":true,"showImageEffects":true,"showParticleSystems":true},"in2DMode":false,"pivot":{"x":-145.70584106445313,"y":-1438.3284912109375,"z":-1547.0423583984375},"rotation":{"x":0.0024303067475557329,"y":0.9652348160743713,"z":-0.26123350858688357,"w":0.008977539837360382},"size":2983.987060546875,"orthographic":false}