{"cameraMode":{"drawMode":0,"name":"Shaded","section":"Shading Mode"},"sceneLighting":false,"audioPlay":false,"sceneViewState":{"showFog":true,"showMaterialUpdate":false,"showSkybox":false,"showFlares":true,"showImageEffects":true,"showParticleSystems":true},"in2DMode":false,"pivot":{"x":-0.03007030487060547,"y":0.031286001205444339,"z":0.026317596435546876},"rotation":{"x":-0.5006199479103088,"y":-0.3221372365951538,"z":0.19121405482292176,"w":-0.7805190086364746},"size":22.0,"orthographic":true}